20240414,1010170,0170,2
20240421,1010170,0170,1
20240428,1010170,0170,1
20240519,1010170,0170,1
20240526,1010170,0170,1
20240602,1010170,0170,2
20240609,1010170,0170,1
20240623,1010170,0170,1
20240707,1010170,0170,-1
20240714,1010170,0170,1
20240324,1010130,0170,2
20240331,1010130,0170,1
20240421,1010130,0170,2
20240428,1010130,0170,1
20240505,1010130,0170,1
20240512,1010130,0170,2
20240407,1010090,0170,1
20240317,1010140,0170,3
20240324,1010140,0170,5
20240331,1010140,0170,5
20240407,1010140,0170,4
20240421,1010140,0170,4
20240428,1010140,0170,3
20240505,1010140,0170,2
20240512,1010140,0170,10
20240519,1010140,0170,12
20240526,1010140,0170,9
20240602,1010140,0170,33
20240609,1010140,0170,5
20240616,1010140,0170,10
20240623,1010140,0170,4
20240630,1010140,0170,7
20240707,1010140,0170,1
20240714,1010140,0170,16
20240721,1010140,0170,2
20240804,1010140,0170,1
20240818,1010140,0170,-1
20240421,1010110,0170,1
20240428,1010110,0170,1
20240602,1010110,0170,1
20240609,1010110,0170,2
20240616,1010110,0170,2
20240623,1010110,0170,2
20240630,1010110,0170,1
20240714,1010110,0170,1
20240317,1010150,0170,1
20240324,1010150,0170,4
20240331,1010150,0170,3
20240407,1010150,0170,1
20240414,1010150,0170,2
20240421,1010150,0170,3
20240428,1010150,0170,1
20240512,1010150,0170,3
20240519,1010150,0170,7
20240526,1010150,0170,5
20240602,1010150,0170,15
20240609,1010150,0170,7
20240623,1010150,0170,4
20240630,1010150,0170,6
20240707,1010150,0170,5
20240714,1010150,0170,14
20240721,1010150,0170,1
20240728,1010150,0170,1
20240714,1010160,0410,1
20240721,1010160,0410,2
20240505,1010120,0410,4
20240519,1010120,0410,2
20240526,1010120,0410,1
20240602,1010120,0410,4
20240609,1010120,0410,9
20240616,1010120,0410,9
20240623,1010120,0410,4
20240630,1010120,0410,4
20240707,1010120,0410,2
20240721,1010120,0410,2
20240728,1010120,0410,1
20240303,1010090,0410,3
20240317,1010090,0410,3
20240324,1010090,0410,4
20240331,1010090,0410,1
20240407,1010090,0410,4
20240414,1010090,0410,1
20240421,1010090,0410,7
20240428,1010090,0410,3
20240505,1010090,0410,2
20240512,1010090,0410,4
20240519,1010090,0410,5
20240526,1010090,0410,6
20240602,1010090,0410,7
20240609,1010090,0410,11
20240616,1010090,0410,2
20240623,1010090,0410,1
20240630,1010090,0410,7
20240707,1010090,0410,4
20240714,1010090,0410,13
20240721,1010090,0410,6
20240728,1010090,0410,2
20240331,1010140,0410,10
20240407,1010140,0410,9
20240414,1010140,0410,16
20240421,1010140,0410,8
20240428,1010140,0410,7
20240505,1010140,0410,4
20240512,1010140,0410,14
20240519,1010140,0410,10
20240526,1010140,0410,14
20240602,1010140,0410,22
20240609,1010140,0410,3
20240616,1010140,0410,10
20240623,1010140,0410,3
20240630,1010140,0410,20
20240707,1010140,0410,6
20240714,1010140,0410,12
20240721,1010140,0410,10
20240728,1010140,0410,2
20240519,1010100,0410,1
20240623,1010100,0410,1
20240317,1010150,0410,4
20240324,1010150,0410,2
20240331,1010150,0410,8
20240407,1010150,0410,3
20240414,1010150,0410,7
20240421,1010150,0410,10
20240428,1010150,0410,11
20240505,1010150,0410,8
20240512,1010150,0410,2
20240519,1010150,0410,1
20240526,1010150,0410,12
20240602,1010150,0410,11
20240609,1010150,0410,5
20240616,1010150,0410,6
20240623,1010150,0410,7
20240630,1010150,0410,17
20240707,1010150,0410,16
20240714,1010150,0410,8
20240721,1010150,0410,3
20240728,1010150,0410,3
20240623,1010120,0290,17
20240630,1010120,0290,28
20240225,1010090,0290,4
20240303,1010090,0290,2
20240324,1010090,0290,4
20240421,1010090,0290,7
20240428,1010090,0290,3
20240505,1010090,0290,5
20240512,1010090,0290,6
20240519,1010090,0290,1
20240526,1010090,0290,7
20240602,1010090,0290,4
20240609,1010090,0290,8
20240616,1010090,0290,5
20240623,1010090,0290,2
20240630,1010090,0290,8
20240707,1010090,0290,9
20240714,1010090,0290,4
20240721,1010090,0290,2
20240728,1010090,0290,6
20240818,1010090,0290,2
20240324,1010140,0290,4
20240331,1010140,0290,16
20240407,1010140,0290,6
20240414,1010140,0290,7
20240421,1010140,0290,20
20240428,1010140,0290,9
20240505,1010140,0290,3
20240512,1010140,0290,9
20240519,1010140,0290,12
20240526,1010140,0290,17
20240602,1010140,0290,8
20240609,1010140,0290,12
20240616,1010140,0290,10
20240623,1010140,0290,15
20240630,1010140,0290,20
20240707,1010140,0290,17
20240714,1010140,0290,21
20240721,1010140,0290,7
20240728,1010140,0290,10
20240811,1010140,0290,7
20240825,1010140,0290,3
20240324,1010150,0290,1
20240331,1010150,0290,2
20240414,1010150,0290,4
20240421,1010150,0290,5
20240428,1010150,0290,13
20240505,1010150,0290,6
20240512,1010150,0290,6
20240526,1010150,0290,19
20240602,1010150,0290,7
20240609,1010150,0290,8
20240616,1010150,0290,7
20240623,1010150,0290,8
20240630,1010150,0290,9
20240707,1010150,0290,11
20240714,1010150,0290,8
20240721,1010150,0290,4
20240728,1010150,0290,3
20240804,1010150,0290,1
20240811,1010150,0290,2
20240407,1010170,0545,1
20240505,1010170,0545,3
20240512,1010170,0545,3
20240519,1010170,0545,1
20240526,1010170,0545,4
20240602,1010170,0545,6
20240609,1010170,0545,3
20240616,1010170,0545,10
20240623,1010170,0545,-1
20240407,1010130,0545,2
20240505,1010130,0545,2
20240519,1010130,0545,1
20240526,1010130,0545,1
20240609,1010130,0545,3
20240616,1010130,0545,1
20240623,1010130,0545,8
20240630,1010130,0545,4
20240714,1010130,0545,1
20240804,1010130,0545,4
20240324,1010120,0545,3
20240407,1010120,0545,2
20240414,1010120,0545,6
20240421,1010120,0545,9
20240428,1010120,0545,11
20240505,1010120,0545,8
20240512,1010120,0545,9
20240519,1010120,0545,3
20240526,1010120,0545,16
20240602,1010120,0545,16
20240609,1010120,0545,13
20240616,1010120,0545,27
20240623,1010120,0545,10
20240630,1010120,0545,11
20240707,1010120,0545,5
20240714,1010120,0545,7
20240721,1010120,0545,-1
20240630,1010090,0545,1
20240707,1010090,0545,7
20240714,1010090,0545,4
20240721,1010090,0545,3
20240728,1010090,0545,1
20240804,1010090,0545,4
20240811,1010090,0545,1
20240310,1010140,0545,1
20240317,1010140,0545,1
20240324,1010140,0545,5
20240331,1010140,0545,4
20240414,1010140,0545,11
20240512,1010140,0545,18
20240519,1010140,0545,9
20240602,1010140,0545,11
20240616,1010140,0545,14
20240623,1010140,0545,20
20240707,1010140,0545,4
20240714,1010140,0545,18
20240721,1010140,0545,17
20240728,1010140,0545,1
20240811,1010140,0545,1
20240421,1010110,0545,1
20240428,1010110,0545,1
20240505,1010110,0545,-1
20240512,1010110,0545,1
20240526,1010110,0545,1
20240602,1010110,0545,1
20240609,1010110,0545,3
20240616,1010110,0545,7
20240623,1010110,0545,9
20240630,1010110,0545,11
20240707,1010110,0545,6
20240512,1010150,0545,2
20240519,1010150,0545,3
20240602,1010150,0545,12
20240616,1010150,0545,6
20240623,1010150,0545,1
20240707,1010150,0545,1
20240714,1010150,0545,8
20240721,1010150,0545,17
20240728,1010150,0545,4
20240804,1010150,0545,3
20240901,1010150,0545,2
20240414,1010120,0275,2
20240421,1010120,0275,5
20240428,1010120,0275,1
20240505,1010120,0275,1
20240526,1010120,0275,5
20240602,1010120,0275,9
20240331,1010090,0275,2
20240407,1010090,0275,2
20240414,1010090,0275,3
20240421,1010090,0275,7
20240428,1010090,0275,3
20240505,1010090,0275,2
20240512,1010090,0275,4
20240519,1010090,0275,1
20240526,1010090,0275,6
20240602,1010090,0275,5
20240609,1010090,0275,6
20240616,1010090,0275,4
20240623,1010090,0275,4
20240630,1010090,0275,2
20240707,1010090,0275,6
20240721,1010090,0275,2
20240811,1010090,0275,1
20240818,1010090,0275,1
20240324,1010140,0275,5
20240331,1010140,0275,3
20240414,1010140,0275,11
20240421,1010140,0275,17
20240428,1010140,0275,11
20240505,1010140,0275,3
20240512,1010140,0275,8
20240519,1010140,0275,8
20240526,1010140,0275,19
20240602,1010140,0275,19
20240609,1010140,0275,7
20240616,1010140,0275,13
20240623,1010140,0275,10
20240630,1010140,0275,9
20240707,1010140,0275,11
20240714,1010140,0275,9
20240721,1010140,0275,14
20240728,1010140,0275,2
20240317,1010150,0275,1
20240331,1010150,0275,3
20240407,1010150,0275,2
20240414,1010150,0275,10
20240421,1010150,0275,12
20240428,1010150,0275,15
20240505,1010150,0275,15
20240512,1010150,0275,6
20240519,1010150,0275,3
20240526,1010150,0275,20
20240602,1010150,0275,19
20240609,1010150,0275,5
20240616,1010150,0275,10
20240623,1010150,0275,7
20240630,1010150,0275,7
20240707,1010150,0275,3
20240714,1010150,0275,9
20240721,1010150,0275,15
20240728,1010150,0275,6
20240804,1010150,0275,4
20240811,1010150,0275,5
20240818,1010150,0275,3
20240331,1010170,0155,2
20240421,1010170,0155,2
20240505,1010170,0155,1
20240526,1010170,0155,3
20240602,1010170,0155,2
20240609,1010170,0155,2
20240616,1010170,0155,7
20240623,1010170,0155,4
20240630,1010170,0155,5
20240707,1010170,0155,1
20240714,1010170,0155,1
20240324,1010120,0155,2
20240331,1010120,0155,1
20240407,1010120,0155,5
20240414,1010120,0155,3
20240421,1010120,0155,5
20240428,1010120,0155,5
20240505,1010120,0155,6
20240512,1010120,0155,3
20240519,1010120,0155,7
20240526,1010120,0155,34
20240602,1010120,0155,3
20240324,1010090,0155,3
20240414,1010090,0155,1
20240421,1010090,0155,2
20240428,1010090,0155,6
20240505,1010090,0155,2
20240512,1010090,0155,4
20240519,1010090,0155,3
20240526,1010090,0155,2
20240602,1010090,0155,10
20240609,1010090,0155,10
20240616,1010090,0155,1
20240623,1010090,0155,4
20240630,1010090,0155,7
20240707,1010090,0155,4
20240714,1010090,0155,4
20240721,1010090,0155,8
20240331,1010140,0155,15
20240407,1010140,0155,4
20240414,1010140,0155,2
20240421,1010140,0155,19
20240428,1010140,0155,4
20240505,1010140,0155,10
20240512,1010140,0155,10
20240519,1010140,0155,12
20240526,1010140,0155,21
20240602,1010140,0155,23
20240609,1010140,0155,5
20240616,1010140,0155,13
20240623,1010140,0155,9
20240630,1010140,0155,10
20240707,1010140,0155,7
20240714,1010140,0155,7
20240721,1010140,0155,5
20240728,1010140,0155,3
20240804,1010140,0155,6
20240324,1010110,0155,1
20240407,1010110,0155,1
20240421,1010110,0155,3
20240428,1010110,0155,1
20240505,1010110,0155,2
20240512,1010110,0155,4
20240519,1010110,0155,2
20240526,1010110,0155,2
20240602,1010110,0155,4
20240609,1010110,0155,3
20240707,1010110,0155,2
20240721,1010110,0155,2
20240728,1010110,0155,1
20240804,1010110,0155,1
20240324,1010150,0155,4
20240331,1010150,0155,2
20240407,1010150,0155,2
20240414,1010150,0155,7
20240421,1010150,0155,6
20240428,1010150,0155,2
20240505,1010150,0155,7
20240512,1010150,0155,9
20240519,1010150,0155,4
20240526,1010150,0155,3
20240602,1010150,0155,8
20240609,1010150,0155,6
20240616,1010150,0155,14
20240623,1010150,0155,6
20240630,1010150,0155,10
20240707,1010150,0155,6
20240714,1010150,0155,4
20240721,1010150,0155,12
20240728,1010150,0155,1
20240804,1010150,0155,2
20240818,1010150,0155,4
20240630,1010170,0515,1
20240707,1010170,0515,2
20240714,1010170,0515,3
20240811,1010170,0515,5
20240505,1010130,0515,1
20240616,1010130,0515,1
20240331,1010120,0515,2
20240407,1010120,0515,2
20240414,1010120,0515,1
20240421,1010120,0515,1
20240428,1010120,0515,3
20240512,1010120,0515,2
20240519,1010120,0515,4
20240526,1010120,0515,6
20240602,1010120,0515,8
20240609,1010120,0515,15
20240616,1010120,0515,5
20240623,1010120,0515,3
20240630,1010120,0515,15
20240707,1010120,0515,9
20240714,1010120,0515,9
20240407,1010090,0515,1
20240421,1010090,0515,2
20240428,1010090,0515,4
20240505,1010090,0515,1
20240512,1010090,0515,1
20240519,1010090,0515,2
20240526,1010090,0515,8
20240602,1010090,0515,11
20240609,1010090,0515,7
20240616,1010090,0515,7
20240630,1010090,0515,4
20240707,1010090,0515,6
20240714,1010090,0515,10
20240721,1010090,0515,5
20240728,1010090,0515,10
20240804,1010090,0515,3
20240811,1010090,0515,2
20240317,1010140,0515,1
20240324,1010140,0515,4
20240331,1010140,0515,1
20240407,1010140,0515,2
20240414,1010140,0515,2
20240421,1010140,0515,12
20240428,1010140,0515,8
20240505,1010140,0515,8
20240512,1010140,0515,20
20240519,1010140,0515,9
20240526,1010140,0515,14
20240602,1010140,0515,29
20240609,1010140,0515,20
20240616,1010140,0515,11
20240623,1010140,0515,6
20240630,1010140,0515,10
20240707,1010140,0515,10
20240714,1010140,0515,13
20240728,1010140,0515,-2
20240317,1010150,0515,2
20240324,1010150,0515,3
20240407,1010150,0515,3
20240414,1010150,0515,11
20240421,1010150,0515,11
20240428,1010150,0515,10
20240505,1010150,0515,3
20240512,1010150,0515,4
20240519,1010150,0515,3
20240526,1010150,0515,12
20240602,1010150,0515,17
20240609,1010150,0515,9
20240616,1010150,0515,6
20240623,1010150,0515,4
20240630,1010150,0515,19
20240707,1010150,0515,10
20240714,1010150,0515,24
20240721,1010150,0515,12
20240728,1010150,0515,7
20240804,1010150,0515,4
20240811,1010150,0515,2
20240901,1010150,0515,3
20240324,1010120,0335,1
20240414,1010120,0335,1
20240421,1010120,0335,3
20240505,1010120,0335,5
20240512,1010120,0335,1
20240526,1010120,0335,12
20240602,1010120,0335,19
20240609,1010120,0335,34
20240616,1010120,0335,9
20240630,1010120,0335,8
20240707,1010120,0335,4
20240714,1010120,0335,5
20240721,1010120,0335,11
20240728,1010120,0335,3
20240804,1010120,0335,2
20240818,1010120,0335,2
20240825,1010120,0335,1
20240225,1010090,0335,2
20240331,1010090,0335,1
20240407,1010090,0335,2
20240421,1010090,0335,1
20240512,1010090,0335,2
20240602,1010090,0335,5
20240609,1010090,0335,4
20240616,1010090,0335,16
20240623,1010090,0335,3
20240630,1010090,0335,6
20240707,1010090,0335,2
20240714,1010090,0335,1
20240721,1010090,0335,1
20240728,1010090,0335,2
20240331,1010140,0335,1
20240414,1010140,0335,4
20240421,1010140,0335,18
20240428,1010140,0335,11
20240505,1010140,0335,6
20240512,1010140,0335,1
20240519,1010140,0335,4
20240602,1010140,0335,13
20240609,1010140,0335,9
20240616,1010140,0335,10
20240623,1010140,0335,10
20240630,1010140,0335,8
20240707,1010140,0335,5
20240714,1010140,0335,16
20240721,1010140,0335,12
20240728,1010140,0335,2
20240804,1010140,0335,1
20240811,1010140,0335,-2
20240324,1010150,0335,2
20240421,1010150,0335,4
20240428,1010150,0335,9
20240505,1010150,0335,3
20240512,1010150,0335,1
20240519,1010150,0335,3
20240602,1010150,0335,3
20240609,1010150,0335,2
20240616,1010150,0335,10
20240623,1010150,0335,8
20240630,1010150,0335,5
20240707,1010150,0335,5
20240714,1010150,0335,3
20240721,1010150,0335,4
20240804,1010150,0335,1
20240811,1010150,0335,1
20240414,1010120,0215,1
20240421,1010120,0215,4
20240428,1010120,0215,5
20240505,1010120,0215,4
20240512,1010120,0215,4
20240526,1010120,0215,8
20240602,1010120,0215,33
20240616,1010120,0215,4
20240623,1010120,0215,2
20240630,1010120,0215,4
20240707,1010120,0215,1
20240714,1010120,0215,4
20240721,1010120,0215,19
20240331,1010090,0215,4
20240414,1010090,0215,2
20240421,1010090,0215,1
20240428,1010090,0215,2
20240505,1010090,0215,4
20240526,1010090,0215,4
20240602,1010090,0215,4
20240609,1010090,0215,1
20240616,1010090,0215,10
20240623,1010090,0215,6
20240630,1010090,0215,3
20240707,1010090,0215,6
20240714,1010090,0215,4
20240728,1010090,0215,1
20240804,1010090,0215,2
20240811,1010090,0215,1
20240818,1010090,0215,-2
20240414,1010140,0215,7
20240421,1010140,0215,4
20240428,1010140,0215,6
20240505,1010140,0215,4
20240512,1010140,0215,6
20240519,1010140,0215,4
20240526,1010140,0215,17
20240602,1010140,0215,16
20240609,1010140,0215,2
20240616,1010140,0215,5
20240623,1010140,0215,9
20240630,1010140,0215,15
20240707,1010140,0215,13
20240714,1010140,0215,8
20240721,1010140,0215,4
20240728,1010140,0215,7
20240609,1010110,0215,2
20240714,1010110,0215,1
20240721,1010110,0215,1
20240414,1010150,0215,2
20240421,1010150,0215,8
20240428,1010150,0215,5
20240505,1010150,0215,1
20240512,1010150,0215,4
20240519,1010150,0215,1
20240526,1010150,0215,14
20240602,1010150,0215,6
20240609,1010150,0215,19
20240616,1010150,0215,1
20240623,1010150,0215,2
20240630,1010150,0215,8
20240707,1010150,0215,6
20240714,1010150,0215,4
20240721,1010150,0215,3
20240728,1010150,0215,3
20240804,1010150,0215,1
20240811,1010150,0215,1
20240825,1010150,0215,2
20240407,1010170,0185,1
20240414,1010170,0185,1
20240421,1010170,0185,1
20240512,1010170,0185,1
20240519,1010170,0185,2
20240526,1010170,0185,1
20240602,1010170,0185,8
20240609,1010170,0185,2
20240714,1010170,0185,1
20240324,1010120,0185,2
20240331,1010120,0185,3
20240407,1010120,0185,3
20240414,1010120,0185,11
20240421,1010120,0185,7
20240428,1010120,0185,14
20240512,1010120,0185,6
20240519,1010120,0185,12
20240526,1010120,0185,18
20240602,1010120,0185,1
20240616,1010120,0185,2
20240623,1010120,0185,6
20240630,1010120,0185,9
20240707,1010120,0185,2
20240714,1010120,0185,1
20240317,1010090,0185,2
20240407,1010090,0185,1
20240414,1010090,0185,5
20240421,1010090,0185,4
20240428,1010090,0185,4
20240505,1010090,0185,2
20240512,1010090,0185,7
20240519,1010090,0185,5
20240526,1010090,0185,7
20240602,1010090,0185,18
20240609,1010090,0185,5
20240623,1010090,0185,8
20240630,1010090,0185,5
20240707,1010090,0185,3
20240714,1010090,0185,11
20240721,1010090,0185,9
20240728,1010090,0185,6
20240804,1010090,0185,7
20240811,1010090,0185,1
20240825,1010090,0185,1
20240901,1010090,0185,2
20240324,1010140,0185,2
20240331,1010140,0185,5
20240407,1010140,0185,6
20240414,1010140,0185,10
20240421,1010140,0185,15
20240428,1010140,0185,11
20240505,1010140,0185,10
20240512,1010140,0185,11
20240519,1010140,0185,1
20240526,1010140,0185,13
20240602,1010140,0185,21
20240609,1010140,0185,8
20240616,1010140,0185,11
20240623,1010140,0185,7
20240630,1010140,0185,10
20240707,1010140,0185,3
20240428,1010110,0185,1
20240526,1010110,0185,1
20240602,1010110,0185,4
20240609,1010110,0185,2
20240616,1010110,0185,2
20240324,1010150,0185,2
20240331,1010150,0185,7
20240407,1010150,0185,1
20240414,1010150,0185,11
20240421,1010150,0185,15
20240428,1010150,0185,13
20240505,1010150,0185,12
20240512,1010150,0185,6
20240519,1010150,0185,5
20240526,1010150,0185,13
20240602,1010150,0185,3
20240609,1010150,0185,13
20240616,1010150,0185,10
20240623,1010150,0185,5
20240630,1010150,0185,11
20240707,1010150,0185,8
20240714,1010150,0185,18
20240721,1010150,0185,19
20240728,1010150,0185,1
20240804,1010150,0185,5
20240901,1010150,0185,1
20240519,1010170,0395,1
20240602,1010170,0395,1
20240609,1010170,0395,2
20240616,1010170,0395,5
20240714,1010170,0395,1
20240421,1010120,0395,10
20240505,1010120,0395,4
20240512,1010120,0395,2
20240519,1010120,0395,2
20240526,1010120,0395,6
20240602,1010120,0395,8
20240609,1010120,0395,9
20240616,1010120,0395,22
20240623,1010120,0395,5
20240630,1010120,0395,5
20240707,1010120,0395,4
20240714,1010120,0395,8
20240721,1010120,0395,3
20240728,1010120,0395,3
20240804,1010120,0395,6
20240811,1010120,0395,3
20240825,1010120,0395,1
20240331,1010090,0395,2
20240407,1010090,0395,2
20240414,1010090,0395,2
20240421,1010090,0395,6
20240505,1010090,0395,3
20240519,1010090,0395,5
20240526,1010090,0395,1
20240602,1010090,0395,6
20240609,1010090,0395,1
20240616,1010090,0395,3
20240623,1010090,0395,3
20240630,1010090,0395,3
20240707,1010090,0395,1
20240714,1010090,0395,5
20240721,1010090,0395,4
20240728,1010090,0395,1
20240804,1010090,0395,1
20240818,1010090,0395,1
20240324,1010140,0395,2
20240331,1010140,0395,4
20240407,1010140,0395,3
20240414,1010140,0395,3
20240421,1010140,0395,20
20240428,1010140,0395,9
20240505,1010140,0395,1
20240519,1010140,0395,4
20240526,1010140,0395,11
20240602,1010140,0395,12
20240609,1010140,0395,7
20240616,1010140,0395,6
20240623,1010140,0395,8
20240630,1010140,0395,1
20240707,1010140,0395,5
20240714,1010140,0395,7
20240721,1010140,0395,7
20240728,1010140,0395,6
20240804,1010140,0395,3
20240811,1010140,0395,2
20240428,1010110,0395,1
20240505,1010110,0395,1
20240512,1010110,0395,-1
20240519,1010110,0395,1
20240526,1010110,0395,1
20240602,1010110,0395,1
20240609,1010110,0395,2
20240616,1010110,0395,3
20240407,1010150,0395,2
20240414,1010150,0395,3
20240421,1010150,0395,7
20240428,1010150,0395,6
20240505,1010150,0395,2
20240519,1010150,0395,2
20240602,1010150,0395,4
20240609,1010150,0395,5
20240616,1010150,0395,4
20240623,1010150,0395,3
20240630,1010150,0395,6
20240707,1010150,0395,7
20240714,1010150,0395,7
20240721,1010150,0395,9
20240728,1010150,0395,13
20240804,1010150,0395,1
20240811,1010150,0395,2
20240714,1010130,0530,1
20240317,1010120,0530,1
20240324,1010120,0530,3
20240414,1010120,0530,2
20240421,1010120,0530,1
20240428,1010120,0530,3
20240512,1010120,0530,11
20240526,1010120,0530,4
20240602,1010120,0530,10
20240609,1010120,0530,11
20240630,1010120,0530,3
20240707,1010120,0530,3
20240721,1010120,0530,5
20240811,1010120,0530,3
20240310,1010090,0530,2
20240407,1010090,0530,2
20240421,1010090,0530,1
20240428,1010090,0530,5
20240505,1010090,0530,-2
20240512,1010090,0530,3
20240526,1010090,0530,2
20240602,1010090,0530,5
20240609,1010090,0530,4
20240616,1010090,0530,3
20240623,1010090,0530,4
20240630,1010090,0530,3
20240707,1010090,0530,1
20240714,1010090,0530,2
20240721,1010090,0530,3
20240728,1010090,0530,2
20240310,1010140,0530,2
20240317,1010140,0530,3
20240324,1010140,0530,4
20240331,1010140,0530,3
20240407,1010140,0530,1
20240421,1010140,0530,5
20240428,1010140,0530,4
20240505,1010140,0530,4
20240512,1010140,0530,10
20240519,1010140,0530,7
20240526,1010140,0530,25
20240602,1010140,0530,17
20240609,1010140,0530,17
20240616,1010140,0530,15
20240623,1010140,0530,11
20240630,1010140,0530,10
20240707,1010140,0530,8
20240714,1010140,0530,2
20240721,1010140,0530,7
20240728,1010140,0530,6
20240804,1010140,0530,3
20240811,1010140,0530,1
20240818,1010140,0530,2
20240901,1010140,0530,1
20240324,1010110,0530,2
20240414,1010110,0530,1
20240519,1010110,0530,1
20240526,1010110,0530,1
20240609,1010110,0530,4
20240616,1010110,0530,3
20240811,1010110,0530,1
20240303,1010150,0530,1
20240324,1010150,0530,1
20240331,1010150,0530,2
20240407,1010150,0530,2
20240414,1010150,0530,3
20240421,1010150,0530,3
20240428,1010150,0530,7
20240505,1010150,0530,4
20240512,1010150,0530,6
20240519,1010150,0530,9
20240526,1010150,0530,1
20240602,1010150,0530,7
20240609,1010150,0530,9
20240616,1010150,0530,17
20240623,1010150,0530,5
20240630,1010150,0530,4
20240714,1010150,0530,6
20240721,1010150,0530,7
20240728,1010150,0530,3
20240526,1010170,0260,4
20240602,1010170,0260,5
20240609,1010170,0260,6
20240623,1010170,0260,5
20240630,1010170,0260,6
20240707,1010170,0260,7
20240714,1010170,0260,13
20240721,1010170,0260,4
20240512,1010120,0260,18
20240519,1010120,0260,19
20240526,1010120,0260,21
20240602,1010120,0260,128
20240609,1010120,0260,55
20240616,1010120,0260,43
20240623,1010120,0260,27
20240630,1010120,0260,69
20240707,1010120,0260,68
20240714,1010120,0260,25
20240414,1010090,0260,2
20240421,1010090,0260,3
20240505,1010090,0260,2
20240512,1010090,0260,3
20240519,1010090,0260,4
20240526,1010090,0260,5
20240602,1010090,0260,22
20240609,1010090,0260,2
20240616,1010090,0260,9
20240623,1010090,0260,7
20240630,1010090,0260,11
20240707,1010090,0260,13
20240714,1010090,0260,9
20240721,1010090,0260,27
20240728,1010090,0260,3
20240804,1010090,0260,5
20240811,1010090,0260,6
20240818,1010090,0260,1
20240825,1010090,0260,1
20240414,1010140,0260,2
20240421,1010140,0260,10
20240428,1010140,0260,7
20240505,1010140,0260,5
20240512,1010140,0260,15
20240519,1010140,0260,13
20240526,1010140,0260,26
20240602,1010140,0260,1
20240609,1010140,0260,15
20240616,1010140,0260,22
20240623,1010140,0260,18
20240630,1010140,0260,19
20240707,1010140,0260,18
20240714,1010140,0260,4
20240519,1010110,0260,3
20240526,1010110,0260,1
20240602,1010110,0260,5
20240609,1010110,0260,4
20240623,1010110,0260,1
20240630,1010110,0260,7
20240707,1010110,0260,5
20240714,1010110,0260,2
20240414,1010150,0260,2
20240421,1010150,0260,12
20240428,1010150,0260,10
20240505,1010150,0260,4
20240512,1010150,0260,6
20240519,1010150,0260,19
20240526,1010150,0260,19
20240602,1010150,0260,7
20240609,1010150,0260,20
20240616,1010150,0260,22
20240623,1010150,0260,15
20240630,1010150,0260,31
20240707,1010150,0260,10
20240714,1010150,0260,30
20240721,1010150,0260,9
20240324,1010170,0455,1
20240331,1010170,0455,1
20240428,1010170,0455,1
20240505,1010170,0455,2
20240512,1010170,0455,1
20240519,1010170,0455,1
20240602,1010170,0455,3
20240609,1010170,0455,3
20240616,1010170,0455,3
20240623,1010170,0455,1
20240901,1010170,0455,1
20240317,1010090,0455,2
20240414,1010090,0455,1
20240421,1010090,0455,3
20240428,1010090,0455,3
20240505,1010090,0455,2
20240512,1010090,0455,4
20240519,1010090,0455,4
20240526,1010090,0455,4
20240602,1010090,0455,9
20240609,1010090,0455,4
20240616,1010090,0455,5
20240630,1010090,0455,7
20240707,1010090,0455,1
20240714,1010090,0455,2
20240317,1010140,0455,4
20240324,1010140,0455,3
20240331,1010140,0455,10
20240407,1010140,0455,2
20240414,1010140,0455,2
20240421,1010140,0455,16
20240428,1010140,0455,10
20240505,1010140,0455,13
20240512,1010140,0455,9
20240519,1010140,0455,5
20240526,1010140,0455,15
20240602,1010140,0455,9
20240609,1010140,0455,11
20240616,1010140,0455,11
20240623,1010140,0455,8
20240630,1010140,0455,10
20240707,1010140,0455,9
20240714,1010140,0455,16
20240331,1010110,0455,3
20240428,1010110,0455,1
20240505,1010110,0455,1
20240512,1010110,0455,4
20240519,1010110,0455,4
20240526,1010110,0455,1
20240602,1010110,0455,5
20240616,1010110,0455,1
20240317,1010150,0455,2
20240324,1010150,0455,2
20240407,1010150,0455,2
20240414,1010150,0455,11
20240421,1010150,0455,6
20240428,1010150,0455,8
20240505,1010150,0455,8
20240512,1010150,0455,13
20240519,1010150,0455,8
20240526,1010150,0455,6
20240602,1010150,0455,15
20240609,1010150,0455,2
20240616,1010150,0455,9
20240623,1010150,0455,6
20240630,1010150,0455,16
20240707,1010150,0455,5
20240714,1010150,0455,16
20240721,1010150,0455,12
20240728,1010150,0455,3
20240707,1010130,0440,1
20240804,1010130,0440,1
20240505,1010120,0440,3
20240512,1010120,0440,3
20240519,1010120,0440,6
20240526,1010120,0440,26
20240602,1010120,0440,14
20240609,1010120,0440,7
20240623,1010120,0440,9
20240630,1010120,0440,27
20240707,1010120,0440,7
20240714,1010120,0440,2
20240225,1010090,0440,4
20240324,1010090,0440,3
20240407,1010090,0440,3
20240414,1010090,0440,3
20240421,1010090,0440,4
20240428,1010090,0440,3
20240505,1010090,0440,6
20240519,1010090,0440,4
20240526,1010090,0440,21
20240602,1010090,0440,11
20240609,1010090,0440,6
20240616,1010090,0440,3
20240623,1010090,0440,4
20240630,1010090,0440,5
20240707,1010090,0440,10
20240714,1010090,0440,4
20240728,1010090,0440,6
20240407,1010140,0440,2
20240414,1010140,0440,7
20240421,1010140,0440,10
20240428,1010140,0440,3
20240505,1010140,0440,12
20240512,1010140,0440,10
20240519,1010140,0440,3
20240602,1010140,0440,17
20240609,1010140,0440,20
20240616,1010140,0440,5
20240623,1010140,0440,14
20240630,1010140,0440,8
20240707,1010140,0440,10
20240714,1010140,0440,13
20240721,1010140,0440,9
20240728,1010140,0440,5
20240804,1010140,0440,1
20240218,1010150,0440,1
20240331,1010150,0440,4
20240407,1010150,0440,2
20240414,1010150,0440,4
20240421,1010150,0440,5
20240428,1010150,0440,3
20240505,1010150,0440,13
20240519,1010150,0440,5
20240526,1010150,0440,16
20240602,1010150,0440,18
20240609,1010150,0440,10
20240616,1010150,0440,5
20240623,1010150,0440,15
20240630,1010150,0440,14
20240707,1010150,0440,6
20240714,1010150,0440,6
20240721,1010150,0440,2
20240728,1010150,0440,6
20240804,1010150,0440,5
20240331,1010160,0245,3
20240505,1010160,0245,4
20240519,1010160,0245,4
20240616,1010160,0245,2
20240623,1010160,0245,5
20240714,1010160,0245,1
20240721,1010160,0245,3
20240825,1010160,0245,2
20240428,1010170,0245,2
20240505,1010170,0245,1
20240512,1010170,0245,1
20240519,1010170,0245,1
20240526,1010170,0245,1
20240602,1010170,0245,3
20240609,1010170,0245,1
20240616,1010170,0245,2
20240623,1010170,0245,1
20240630,1010170,0245,1
20240714,1010170,0245,1
20240721,1010170,0245,3
20240804,1010170,0245,1
20240818,1010170,0245,1
20240825,1010170,0245,1
20240317,1010120,0245,1
20240407,1010120,0245,4
20240414,1010120,0245,1
20240428,1010120,0245,1
20240512,1010120,0245,4
20240519,1010120,0245,4
20240526,1010120,0245,3
20240602,1010120,0245,15
20240609,1010120,0245,8
20240616,1010120,0245,1
20240630,1010120,0245,17
20240714,1010120,0245,2
20240317,1010090,0245,1
20240324,1010090,0245,2
20240331,1010090,0245,2
20240407,1010090,0245,2
20240421,1010090,0245,1
20240428,1010090,0245,2
20240512,1010090,0245,3
20240519,1010090,0245,3
20240526,1010090,0245,3
20240609,1010090,0245,1
20240616,1010090,0245,4
20240623,1010090,0245,3
20240630,1010090,0245,4
20240714,1010090,0245,3
20240721,1010090,0245,3
20240728,1010090,0245,3
20240804,1010090,0245,5
20240317,1010140,0245,4
20240324,1010140,0245,6
20240331,1010140,0245,2
20240407,1010140,0245,2
20240414,1010140,0245,4
20240421,1010140,0245,9
20240428,1010140,0245,3
20240505,1010140,0245,3
20240512,1010140,0245,18
20240519,1010140,0245,2
20240526,1010140,0245,17
20240602,1010140,0245,16
20240609,1010140,0245,21
20240616,1010140,0245,14
20240623,1010140,0245,6
20240630,1010140,0245,10
20240707,1010140,0245,2
20240714,1010140,0245,5
20240721,1010140,0245,9
20240804,1010140,0245,1
20240407,1010100,0245,2
20240317,1010110,0245,1
20240428,1010110,0245,1
20240512,1010110,0245,1
20240519,1010110,0245,1
20240526,1010110,0245,1
20240602,1010110,0245,2
20240609,1010110,0245,3
20240616,1010110,0245,1
20240623,1010110,0245,2
20240630,1010110,0245,1
20240714,1010110,0245,3
20240721,1010110,0245,1
20240728,1010110,0245,1
20240324,1010150,0245,5
20240331,1010150,0245,3
20240407,1010150,0245,1
20240414,1010150,0245,2
20240421,1010150,0245,5
20240428,1010150,0245,2
20240512,1010150,0245,15
20240519,1010150,0245,6
20240526,1010150,0245,11
20240602,1010150,0245,4
20240609,1010150,0245,17
20240616,1010150,0245,10
20240623,1010150,0245,12
20240630,1010150,0245,11
20240707,1010150,0245,5
20240714,1010150,0245,10
20240721,1010150,0245,11
20240728,1010150,0245,1
20240804,1010150,0245,1
20240811,1010150,0245,4
20240818,1010150,0245,1
20240414,1010170,0500,2
20240421,1010170,0500,4
20240428,1010170,0500,5
20240505,1010170,0500,5
20240512,1010170,0500,5
20240519,1010170,0500,2
20240526,1010170,0500,2
20240602,1010170,0500,6
20240609,1010170,0500,4
20240324,1010120,0500,1
20240331,1010120,0500,1
20240407,1010120,0500,2
20240414,1010120,0500,1
20240421,1010120,0500,7
20240428,1010120,0500,2
20240505,1010120,0500,-2
20240512,1010120,0500,2
20240519,1010120,0500,4
20240609,1010120,0500,1
20240616,1010120,0500,1
20240623,1010120,0500,1
20240630,1010120,0500,4
20240728,1010120,0500,1
20240804,1010120,0500,5
20240331,1010090,0500,2
20240407,1010090,0500,1
20240414,1010090,0500,5
20240421,1010090,0500,1
20240428,1010090,0500,3
20240505,1010090,0500,4
20240512,1010090,0500,3
20240714,1010090,0500,6
20240721,1010090,0500,1
20240728,1010090,0500,3
20240804,1010090,0500,1
20240324,1010140,0500,13
20240331,1010140,0500,6
20240407,1010140,0500,19
20240414,1010140,0500,19
20240421,1010140,0500,18
20240428,1010140,0500,7
20240505,1010140,0500,6
20240512,1010140,0500,15
20240519,1010140,0500,9
20240526,1010140,0500,15
20240602,1010140,0500,12
20240609,1010140,0500,11
20240616,1010140,0500,15
20240623,1010140,0500,12
20240630,1010140,0500,2
20240707,1010140,0500,21
20240714,1010140,0500,9
20240721,1010140,0500,8
20240728,1010140,0500,5
20240804,1010140,0500,5
20240428,1010110,0500,2
20240512,1010110,0500,3
20240519,1010110,0500,1
20240526,1010110,0500,-1
20240602,1010110,0500,2
20240609,1010110,0500,1
20240616,1010110,0500,2
20240630,1010110,0500,2
20240324,1010150,0500,10
20240331,1010150,0500,6
20240407,1010150,0500,19
20240414,1010150,0500,8
20240421,1010150,0500,14
20240428,1010150,0500,16
20240505,1010150,0500,6
20240512,1010150,0500,3
20240519,1010150,0500,8
20240526,1010150,0500,12
20240602,1010150,0500,33
20240609,1010150,0500,10
20240616,1010150,0500,15
20240623,1010150,0500,14
20240630,1010150,0500,11
20240707,1010150,0500,10
20240714,1010150,0500,15
20240721,1010150,0500,15
20240728,1010150,0500,1
20240804,1010150,0500,3
20240811,1010150,0500,6
20240818,1010150,0500,1
20240825,1010150,0500,4
20240414,1010170,0125,1
20240519,1010170,0125,1
20240526,1010170,0125,1
20240602,1010170,0125,1
20240512,1010130,0125,1
20240512,1010120,0125,2
20240526,1010120,0125,1
20240602,1010120,0125,16
20240317,1010090,0125,1
20240331,1010090,0125,4
20240407,1010090,0125,2
20240421,1010090,0125,12
20240428,1010090,0125,2
20240505,1010090,0125,2
20240526,1010090,0125,3
20240602,1010090,0125,11
20240609,1010090,0125,3
20240616,1010090,0125,5
20240630,1010090,0125,6
20240707,1010090,0125,1
20240714,1010090,0125,4
20240721,1010090,0125,7
20240728,1010090,0125,2
20240804,1010090,0125,1
20240331,1010140,0125,6
20240407,1010140,0125,5
20240414,1010140,0125,3
20240421,1010140,0125,14
20240428,1010140,0125,9
20240505,1010140,0125,7
20240519,1010140,0125,17
20240526,1010140,0125,16
20240602,1010140,0125,22
20240609,1010140,0125,9
20240616,1010140,0125,8
20240623,1010140,0125,5
20240630,1010140,0125,9
20240707,1010140,0125,15
20240714,1010140,0125,14
20240721,1010140,0125,1
20240512,1010110,0125,1
20240602,1010110,0125,4
20240331,1010150,0125,2
20240407,1010150,0125,2
20240421,1010150,0125,12
20240428,1010150,0125,11
20240505,1010150,0125,3
20240512,1010150,0125,5
20240519,1010150,0125,2
20240526,1010150,0125,6
20240602,1010150,0125,11
20240609,1010150,0125,6
20240616,1010150,0125,2
20240623,1010150,0125,4
20240630,1010150,0125,6
20240707,1010150,0125,4
20240714,1010150,0125,12
20240721,1010150,0125,6
20240728,1010150,0125,3
20240811,1010150,0125,4
20240901,1010150,0125,1
20240414,1010120,0425,1
20240421,1010120,0425,5
20240428,1010120,0425,3
20240505,1010120,0425,5
20240512,1010120,0425,5
20240519,1010120,0425,3
20240526,1010120,0425,12
20240602,1010120,0425,13
20240609,1010120,0425,11
20240407,1010090,0425,1
20240421,1010090,0425,8
20240428,1010090,0425,4
20240505,1010090,0425,1
20240512,1010090,0425,5
20240526,1010090,0425,7
20240602,1010090,0425,9
20240609,1010090,0425,3
20240616,1010090,0425,8
20240623,1010090,0425,3
20240630,1010090,0425,2
20240707,1010090,0425,3
20240714,1010090,0425,11
20240721,1010090,0425,5
20240728,1010090,0425,6
20240324,1010140,0425,5
20240331,1010140,0425,7
20240407,1010140,0425,8
20240421,1010140,0425,13
20240428,1010140,0425,9
20240505,1010140,0425,16
20240512,1010140,0425,19
20240519,1010140,0425,8
20240526,1010140,0425,21
20240602,1010140,0425,23
20240609,1010140,0425,5
20240616,1010140,0425,3
20240623,1010140,0425,12
20240630,1010140,0425,27
20240707,1010140,0425,11
20240714,1010140,0425,15
20240317,1010150,0425,3
20240324,1010150,0425,5
20240331,1010150,0425,4
20240407,1010150,0425,4
20240414,1010150,0425,3
20240421,1010150,0425,7
20240428,1010150,0425,9
20240505,1010150,0425,13
20240512,1010150,0425,15
20240519,1010150,0425,7
20240526,1010150,0425,11
20240602,1010150,0425,13
20240609,1010150,0425,4
20240616,1010150,0425,6
20240623,1010150,0425,5
20240630,1010150,0425,15
20240707,1010150,0425,13
20240714,1010150,0425,14
20240721,1010150,0425,14
20240728,1010150,0425,16
20240804,1010150,0425,6
20240818,1010150,0425,1
20240414,1010120,0140,3
20240421,1010120,0140,2
20240428,1010120,0140,13
20240512,1010120,0140,2
20240519,1010120,0140,5
20240526,1010120,0140,11
20240602,1010120,0140,7
20240623,1010120,0140,5
20240630,1010120,0140,3
20240707,1010120,0140,4
20240714,1010120,0140,21
20240721,1010120,0140,9
20240728,1010120,0140,1
20240331,1010090,0140,2
20240414,1010090,0140,3
20240421,1010090,0140,2
20240428,1010090,0140,2
20240512,1010090,0140,2
20240519,1010090,0140,3
20240526,1010090,0140,5
20240602,1010090,0140,6
20240609,1010090,0140,1
20240616,1010090,0140,6
20240623,1010090,0140,1
20240804,1010090,0140,2
20240811,1010090,0140,3
20240825,1010090,0140,1
20240331,1010140,0140,2
20240407,1010140,0140,2
20240414,1010140,0140,15
20240421,1010140,0140,17
20240428,1010140,0140,8
20240505,1010140,0140,4
20240512,1010140,0140,9
20240519,1010140,0140,3
20240526,1010140,0140,16
20240602,1010140,0140,19
20240609,1010140,0140,10
20240616,1010140,0140,26
20240623,1010140,0140,4
20240630,1010140,0140,10
20240707,1010140,0140,4
20240714,1010140,0140,16
20240721,1010140,0140,29
20240728,1010140,0140,13
20240804,1010140,0140,5
20240811,1010140,0140,1
20240331,1010150,0140,3
20240407,1010150,0140,2
20240414,1010150,0140,7
20240421,1010150,0140,12
20240428,1010150,0140,6
20240505,1010150,0140,3
20240512,1010150,0140,7
20240519,1010150,0140,9
20240526,1010150,0140,1
20240602,1010150,0140,27
20240609,1010150,0140,12
20240616,1010150,0140,17
20240623,1010150,0140,2
20240630,1010150,0140,12
20240707,1010150,0140,3
20240714,1010150,0140,19
20240721,1010150,0140,3
20240825,1010150,0140,2
20240526,1010170,0305,1
20240602,1010170,0305,5
20240609,1010170,0305,1
20240616,1010170,0305,4
20240623,1010170,0305,3
20240630,1010170,0305,6
20240714,1010170,0305,7
20240512,1010120,0305,1
20240519,1010120,0305,1
20240526,1010120,0305,3
20240602,1010120,0305,1
20240609,1010120,0305,8
20240616,1010120,0305,7
20240623,1010120,0305,1
20240630,1010120,0305,4
20240707,1010120,0305,3
20240714,1010120,0305,11
20240331,1010090,0305,2
20240407,1010090,0305,2
20240414,1010090,0305,2
20240421,1010090,0305,-2
20240428,1010090,0305,2
20240505,1010090,0305,1
20240512,1010090,0305,3
20240519,1010090,0305,2
20240526,1010090,0305,5
20240602,1010090,0305,5
20240609,1010090,0305,6
20240616,1010090,0305,9
20240630,1010090,0305,6
20240707,1010090,0305,2
20240714,1010090,0305,3
20240721,1010090,0305,11
20240728,1010090,0305,3
20240324,1010140,0305,1
20240407,1010140,0305,2
20240414,1010140,0305,3
20240421,1010140,0305,13
20240428,1010140,0305,11
20240505,1010140,0305,4
20240512,1010140,0305,6
20240519,1010140,0305,3
20240526,1010140,0305,12
20240602,1010140,0305,9
20240609,1010140,0305,15
20240616,1010140,0305,11
20240623,1010140,0305,3
20240630,1010140,0305,5
20240707,1010140,0305,11
20240714,1010140,0305,16
20240721,1010140,0305,2
20240407,1010150,0305,7
20240414,1010150,0305,6
20240421,1010150,0305,8
20240428,1010150,0305,2
20240512,1010150,0305,2
20240526,1010150,0305,5
20240602,1010150,0305,6
20240616,1010150,0305,9
20240623,1010150,0305,15
20240630,1010150,0305,13
20240707,1010150,0305,2
20240714,1010150,0305,10
20240721,1010150,0305,8
20240728,1010150,0305,3
20240804,1010150,0305,3
20240811,1010150,0305,2
20240602,1010170,0470,1
20240630,1010170,0470,1
20240707,1010170,0470,1
20240714,1010170,0470,1
20240721,1010170,0470,2
20240728,1010170,0470,-1
20240428,1010120,0470,1
20240512,1010120,0470,6
20240519,1010120,0470,2
20240602,1010120,0470,1
20240609,1010120,0470,3
20240623,1010120,0470,10
20240630,1010120,0470,9
20240707,1010120,0470,3
20240714,1010120,0470,14
20240721,1010120,0470,5
20240728,1010120,0470,2
20240901,1010120,0470,1
20240317,1010090,0470,2
20240407,1010090,0470,1
20240421,1010090,0470,2
20240428,1010090,0470,1
20240505,1010090,0470,1
20240512,1010090,0470,2
20240519,1010090,0470,1
20240526,1010090,0470,6
20240602,1010090,0470,5
20240609,1010090,0470,2
20240616,1010090,0470,4
20240623,1010090,0470,5
20240630,1010090,0470,3
20240707,1010090,0470,3
20240714,1010090,0470,2
20240721,1010090,0470,4
20240728,1010090,0470,3
20240804,1010090,0470,1
20240317,1010140,0470,2
20240324,1010140,0470,2
20240414,1010140,0470,5
20240421,1010140,0470,1
20240428,1010140,0470,6
20240505,1010140,0470,2
20240512,1010140,0470,7
20240519,1010140,0470,6
20240526,1010140,0470,8
20240602,1010140,0470,14
20240609,1010140,0470,2
20240616,1010140,0470,2
20240623,1010140,0470,1
20240630,1010140,0470,5
20240707,1010140,0470,5
20240714,1010140,0470,6
20240721,1010140,0470,5
20240728,1010140,0470,1
20240804,1010140,0470,4
20240609,1010110,0470,1
20240616,1010110,0470,1
20240630,1010110,0470,2
20240714,1010110,0470,1
20240721,1010110,0470,1
20240728,1010110,0470,2
20240331,1010150,0470,2
20240414,1010150,0470,2
20240421,1010150,0470,5
20240428,1010150,0470,4
20240512,1010150,0470,7
20240519,1010150,0470,8
20240526,1010150,0470,11
20240602,1010150,0470,4
20240609,1010150,0470,8
20240616,1010150,0470,7
20240623,1010150,0470,11
20240714,1010150,0470,11
20240721,1010150,0470,8
20240728,1010150,0470,3
20240407,1010170,0110,1
20240421,1010170,0110,1
20240428,1010170,0110,1
20240512,1010170,0110,1
20240519,1010170,0110,5
20240526,1010170,0110,2
20240602,1010170,0110,2
20240609,1010170,0110,2
20240616,1010170,0110,4
20240623,1010170,0110,1
20240630,1010170,0110,1
20240707,1010170,0110,3
20240714,1010170,0110,5
20240623,1010130,0110,1
20240421,1010120,0110,4
20240428,1010120,0110,2
20240505,1010120,0110,2
20240512,1010120,0110,6
20240519,1010120,0110,2
20240526,1010120,0110,5
20240602,1010120,0110,3
20240609,1010120,0110,2
20240407,1010090,0110,1
20240421,1010090,0110,7
20240505,1010090,0110,6
20240512,1010090,0110,11
20240519,1010090,0110,10
20240526,1010090,0110,3
20240602,1010090,0110,5
20240609,1010090,0110,8
20240616,1010090,0110,4
20240623,1010090,0110,4
20240630,1010090,0110,2
20240707,1010090,0110,4
20240714,1010090,0110,5
20240721,1010090,0110,8
20240804,1010090,0110,4
20240811,1010090,0110,2
20240901,1010090,0110,5
20240324,1010140,0110,1
20240331,1010140,0110,3
20240407,1010140,0110,5
20240414,1010140,0110,2
20240421,1010140,0110,19
20240428,1010140,0110,13
20240505,1010140,0110,7
20240512,1010140,0110,22
20240519,1010140,0110,11
20240526,1010140,0110,4
20240602,1010140,0110,25
20240609,1010140,0110,35
20240616,1010140,0110,22
20240623,1010140,0110,7
20240630,1010140,0110,13
20240707,1010140,0110,12
20240714,1010140,0110,16
20240721,1010140,0110,5
20240609,1010110,0110,14
20240616,1010110,0110,4
20240317,1010150,0110,1
20240324,1010150,0110,1
20240407,1010150,0110,2
20240414,1010150,0110,5
20240421,1010150,0110,4
20240428,1010150,0110,8
20240505,1010150,0110,4
20240512,1010150,0110,14
20240519,1010150,0110,12
20240526,1010150,0110,12
20240602,1010150,0110,12
20240609,1010150,0110,7
20240616,1010150,0110,15
20240623,1010150,0110,9
20240707,1010150,0110,7
20240714,1010150,0110,15
20240721,1010150,0110,10
20240414,1010120,0230,4
20240421,1010120,0230,4
20240428,1010120,0230,4
20240505,1010120,0230,2
20240519,1010120,0230,2
20240526,1010120,0230,7
20240602,1010120,0230,13
20240609,1010120,0230,1
20240630,1010120,0230,4
20240707,1010120,0230,5
20240714,1010120,0230,26
20240721,1010120,0230,4
20240414,1010090,0230,3
20240421,1010090,0230,4
20240428,1010090,0230,2
20240505,1010090,0230,3
20240512,1010090,0230,1
20240519,1010090,0230,4
20240526,1010090,0230,3
20240602,1010090,0230,10
20240609,1010090,0230,16
20240616,1010090,0230,11
20240623,1010090,0230,3
20240630,1010090,0230,5
20240707,1010090,0230,1
20240714,1010090,0230,5
20240728,1010090,0230,1
20240804,1010090,0230,2
20240407,1010140,0230,1
20240414,1010140,0230,10
20240421,1010140,0230,13
20240428,1010140,0230,10
20240505,1010140,0230,7
20240512,1010140,0230,7
20240519,1010140,0230,2
20240526,1010140,0230,6
20240602,1010140,0230,20
20240609,1010140,0230,7
20240616,1010140,0230,13
20240623,1010140,0230,4
20240630,1010140,0230,10
20240707,1010140,0230,3
20240714,1010140,0230,4
20240721,1010140,0230,6
20240414,1010150,0230,3
20240421,1010150,0230,8
20240428,1010150,0230,8
20240505,1010150,0230,6
20240512,1010150,0230,12
20240519,1010150,0230,1
20240526,1010150,0230,2
20240602,1010150,0230,20
20240609,1010150,0230,3
20240616,1010150,0230,9
20240623,1010150,0230,4
20240630,1010150,0230,3
20240707,1010150,0230,6
20240714,1010150,0230,11
20240721,1010150,0230,7
20240728,1010150,0230,2
20240804,1010150,0230,2
20240825,1010150,0230,1
20240428,1010120,0200,1
20240512,1010120,0200,2
20240519,1010120,0200,1
20240526,1010120,0200,7
20240602,1010120,0200,15
20240609,1010120,0200,8
20240616,1010120,0200,1
20240324,1010090,0200,5
20240331,1010090,0200,4
20240407,1010090,0200,3
20240414,1010090,0200,1
20240421,1010090,0200,7
20240428,1010090,0200,4
20240519,1010090,0200,4
20240526,1010090,0200,7
20240602,1010090,0200,4
20240609,1010090,0200,10
20240616,1010090,0200,6
20240630,1010090,0200,3
20240707,1010090,0200,4
20240714,1010090,0200,5
20240331,1010140,0200,7
20240407,1010140,0200,10
20240414,1010140,0200,13
20240421,1010140,0200,16
20240428,1010140,0200,8
20240505,1010140,0200,2
20240512,1010140,0200,23
20240519,1010140,0200,12
20240526,1010140,0200,14
20240602,1010140,0200,10
20240609,1010140,0200,21
20240616,1010140,0200,9
20240623,1010140,0200,9
20240630,1010140,0200,8
20240707,1010140,0200,3
20240714,1010140,0200,17
20240721,1010140,0200,10
20240728,1010140,0200,1
20240324,1010150,0200,4
20240331,1010150,0200,6
20240407,1010150,0200,5
20240414,1010150,0200,20
20240421,1010150,0200,11
20240428,1010150,0200,9
20240505,1010150,0200,5
20240512,1010150,0200,9
20240519,1010150,0200,5
20240526,1010150,0200,10
20240602,1010150,0200,5
20240609,1010150,0200,4
20240616,1010150,0200,14
20240623,1010150,0200,3
20240630,1010150,0200,17
20240707,1010150,0200,3
20240714,1010150,0200,14
20240721,1010150,0200,15
20240728,1010150,0200,-2
20240623,1010170,0350,1
20240630,1010170,0350,1
20240707,1010170,0350,3
20240714,1010170,0350,1
20240721,1010170,0350,2
20240421,1010120,0350,3
20240428,1010120,0350,7
20240505,1010120,0350,1
20240512,1010120,0350,7
20240519,1010120,0350,6
20240526,1010120,0350,22
20240602,1010120,0350,19
20240630,1010120,0350,6
20240707,1010120,0350,6
20240825,1010120,0350,-2
20240331,1010090,0350,2
20240414,1010090,0350,15
20240421,1010090,0350,11
20240428,1010090,0350,3
20240505,1010090,0350,2
20240512,1010090,0350,5
20240519,1010090,0350,3
20240526,1010090,0350,8
20240602,1010090,0350,7
20240609,1010090,0350,8
20240616,1010090,0350,5
20240721,1010090,0350,4
20240728,1010090,0350,5
20240804,1010090,0350,6
20240811,1010090,0350,1
20240317,1010140,0350,4
20240331,1010140,0350,5
20240407,1010140,0350,14
20240414,1010140,0350,14
20240421,1010140,0350,24
20240428,1010140,0350,11
20240505,1010140,0350,4
20240512,1010140,0350,26
20240519,1010140,0350,9
20240526,1010140,0350,19
20240602,1010140,0350,23
20240609,1010140,0350,14
20240616,1010140,0350,14
20240623,1010140,0350,16
20240630,1010140,0350,19
20240707,1010140,0350,5
20240519,1010110,0350,1
20240526,1010110,0350,2
20240609,1010110,0350,2
20240616,1010110,0350,1
20240707,1010110,0350,1
20240714,1010110,0350,4
20240721,1010110,0350,1
20240818,1010110,0350,-1
20240317,1010150,0350,3
20240324,1010150,0350,2
20240331,1010150,0350,2
20240407,1010150,0350,4
20240414,1010150,0350,7
20240421,1010150,0350,12
20240428,1010150,0350,10
20240505,1010150,0350,5
20240512,1010150,0350,10
20240519,1010150,0350,17
20240526,1010150,0350,3
20240602,1010150,0350,16
20240609,1010150,0350,12
20240616,1010150,0350,10
20240623,1010150,0350,11
20240630,1010150,0350,7
20240707,1010150,0350,1
20240721,1010150,0350,15
20240728,1010150,0350,4
20240804,1010150,0350,1
20240707,1010130,0365,1
20240721,1010130,0365,2
20240317,1010120,0365,1
20240324,1010120,0365,4
20240414,1010120,0365,8
20240421,1010120,0365,2
20240428,1010120,0365,2
20240505,1010120,0365,5
20240512,1010120,0365,6
20240526,1010120,0365,6
20240602,1010120,0365,9
20240609,1010120,0365,3
20240616,1010120,0365,2
20240630,1010120,0365,4
20240707,1010120,0365,6
20240714,1010120,0365,2
20240721,1010120,0365,2
20240317,1010090,0365,1
20240324,1010090,0365,5
20240331,1010090,0365,5
20240407,1010090,0365,4
20240414,1010090,0365,3
20240428,1010090,0365,3
20240505,1010090,0365,2
20240512,1010090,0365,1
20240519,1010090,0365,3
20240526,1010090,0365,4
20240602,1010090,0365,4
20240609,1010090,0365,1
20240616,1010090,0365,1
20240623,1010090,0365,1
20240630,1010090,0365,2
20240707,1010090,0365,2
20240714,1010090,0365,19
20240721,1010090,0365,17
20240317,1010140,0365,2
20240324,1010140,0365,3
20240331,1010140,0365,9
20240407,1010140,0365,6
20240414,1010140,0365,2
20240421,1010140,0365,9
20240428,1010140,0365,4
20240505,1010140,0365,8
20240512,1010140,0365,15
20240519,1010140,0365,1
20240526,1010140,0365,11
20240602,1010140,0365,20
20240609,1010140,0365,4
20240616,1010140,0365,19
20240623,1010140,0365,11
20240630,1010140,0365,6
20240707,1010140,0365,6
20240714,1010140,0365,10
20240317,1010150,0365,3
20240324,1010150,0365,2
20240331,1010150,0365,7
20240407,1010150,0365,9
20240414,1010150,0365,5
20240421,1010150,0365,2
20240428,1010150,0365,3
20240505,1010150,0365,4
20240512,1010150,0365,8
20240519,1010150,0365,3
20240526,1010150,0365,6
20240602,1010150,0365,2
20240609,1010150,0365,2
20240616,1010150,0365,5
20240623,1010150,0365,5
20240630,1010150,0365,2
20240707,1010150,0365,2
20240714,1010150,0365,18
20240721,1010150,0365,1
20240519,1010170,0485,1
20240602,1010170,0485,2
20240609,1010170,0485,1
20240616,1010170,0485,3
20240505,1010130,0485,1
20240512,1010130,0485,2
20240526,1010130,0485,3
20240602,1010130,0485,1
20240804,1010130,0485,-1
20240324,1010120,0485,2
20240331,1010120,0485,7
20240407,1010120,0485,3
20240414,1010120,0485,13
20240421,1010120,0485,4
20240428,1010120,0485,7
20240505,1010120,0485,6
20240512,1010120,0485,12
20240519,1010120,0485,1
20240526,1010120,0485,10
20240623,1010120,0485,5
20240630,1010120,0485,10
20240707,1010120,0485,2
20240324,1010090,0485,1
20240331,1010090,0485,1
20240407,1010090,0485,4
20240414,1010090,0485,9
20240421,1010090,0485,2
20240428,1010090,0485,7
20240505,1010090,0485,1
20240512,1010090,0485,7
20240519,1010090,0485,6
20240526,1010090,0485,4
20240602,1010090,0485,5
20240609,1010090,0485,1
20240616,1010090,0485,6
20240623,1010090,0485,3
20240630,1010090,0485,7
20240707,1010090,0485,6
20240714,1010090,0485,3
20240721,1010090,0485,8
20240324,1010140,0485,1
20240331,1010140,0485,8
20240407,1010140,0485,6
20240414,1010140,0485,14
20240421,1010140,0485,7
20240428,1010140,0485,3
20240505,1010140,0485,2
20240512,1010140,0485,14
20240519,1010140,0485,16
20240526,1010140,0485,28
20240602,1010140,0485,16
20240609,1010140,0485,4
20240616,1010140,0485,10
20240623,1010140,0485,4
20240630,1010140,0485,15
20240707,1010140,0485,7
20240714,1010140,0485,8
20240721,1010140,0485,14
20240512,1010110,0485,2
20240519,1010110,0485,1
20240602,1010110,0485,5
20240324,1010150,0485,1
20240407,1010150,0485,4
20240414,1010150,0485,12
20240421,1010150,0485,10
20240428,1010150,0485,3
20240505,1010150,0485,3
20240512,1010150,0485,4
20240519,1010150,0485,1
20240526,1010150,0485,16
20240602,1010150,0485,13
20240609,1010150,0485,10
20240616,1010150,0485,6
20240623,1010150,0485,4
20240630,1010150,0485,5
20240707,1010150,0485,12
20240714,1010150,0485,7
20240721,1010150,0485,9
20240728,1010150,0485,2
20240811,1010150,0485,2
20240505,1010170,0380,2
20240512,1010170,0380,1
20240526,1010170,0380,3
20240602,1010170,0380,5
20240616,1010170,0380,-1
20240623,1010170,0380,1
20240714,1010170,0380,1
20240721,1010170,0380,1
20240728,1010170,0380,1
20240428,1010120,0380,3
20240505,1010120,0380,6
20240512,1010120,0380,9
20240519,1010120,0380,1
20240630,1010120,0380,14
20240707,1010120,0380,3
20240714,1010120,0380,7
20240414,1010090,0380,1
20240421,1010090,0380,3
20240428,1010090,0380,8
20240505,1010090,0380,2
20240512,1010090,0380,1
20240519,1010090,0380,1
20240526,1010090,0380,2
20240602,1010090,0380,5
20240609,1010090,0380,2
20240616,1010090,0380,5
20240623,1010090,0380,4
20240630,1010090,0380,5
20240707,1010090,0380,3
20240714,1010090,0380,1
20240728,1010090,0380,4
20240804,1010090,0380,1
20240818,1010090,0380,2
20240331,1010140,0380,8
20240407,1010140,0380,8
20240414,1010140,0380,3
20240421,1010140,0380,16
20240428,1010140,0380,7
20240505,1010140,0380,12
20240512,1010140,0380,3
20240519,1010140,0380,6
20240526,1010140,0380,4
20240602,1010140,0380,19
20240609,1010140,0380,8
20240616,1010140,0380,4
20240623,1010140,0380,6
20240630,1010140,0380,3
20240707,1010140,0380,4
20240714,1010140,0380,7
20240721,1010140,0380,10
20240728,1010140,0380,4
20240804,1010140,0380,1
20240811,1010140,0380,1
20240901,1010140,0380,-1
20240505,1010110,0380,1
20240512,1010110,0380,1
20240519,1010110,0380,1
20240526,1010110,0380,1
20240602,1010110,0380,4
20240616,1010110,0380,3
20240623,1010110,0380,2
20240630,1010110,0380,1
20240707,1010110,0380,6
20240714,1010110,0380,2
20240721,1010110,0380,2
20240804,1010110,0380,1
20240331,1010150,0380,7
20240407,1010150,0380,4
20240414,1010150,0380,9
20240421,1010150,0380,8
20240428,1010150,0380,12
20240505,1010150,0380,3
20240512,1010150,0380,3
20240519,1010150,0380,7
20240526,1010150,0380,7
20240602,1010150,0380,9
20240609,1010150,0380,7
20240616,1010150,0380,4
20240630,1010150,0380,3
20240707,1010150,0380,5
20240714,1010150,0380,7
20240721,1010150,0380,6
20240728,1010150,0380,3
20240804,1010150,0380,2
20240818,1010150,0380,1
20240421,1010120,0320,1
20240428,1010120,0320,2
20240505,1010120,0320,4
20240512,1010120,0320,7
20240519,1010120,0320,3
20240526,1010120,0320,8
20240602,1010120,0320,14
20240609,1010120,0320,5
20240630,1010120,0320,13
20240707,1010120,0320,2
20240324,1010090,0320,2
20240421,1010090,0320,2
20240428,1010090,0320,3
20240512,1010090,0320,4
20240519,1010090,0320,6
20240526,1010090,0320,6
20240602,1010090,0320,7
20240609,1010090,0320,10
20240616,1010090,0320,4
20240623,1010090,0320,3
20240630,1010090,0320,9
20240707,1010090,0320,6
20240714,1010090,0320,7
20240721,1010090,0320,16
20240728,1010090,0320,10
20240804,1010090,0320,2
20240324,1010140,0320,2
20240331,1010140,0320,2
20240407,1010140,0320,9
20240414,1010140,0320,17
20240421,1010140,0320,16
20240428,1010140,0320,7
20240505,1010140,0320,5
20240512,1010140,0320,15
20240519,1010140,0320,5
20240526,1010140,0320,16
20240602,1010140,0320,10
20240609,1010140,0320,9
20240616,1010140,0320,8
20240623,1010140,0320,7
20240630,1010140,0320,14
20240707,1010140,0320,5
20240714,1010140,0320,23
20240324,1010150,0320,2
20240331,1010150,0320,6
20240407,1010150,0320,10
20240414,1010150,0320,13
20240421,1010150,0320,25
20240505,1010150,0320,6
20240512,1010150,0320,19
20240519,1010150,0320,8
20240526,1010150,0320,45
20240602,1010150,0320,17
20240609,1010150,0320,11
20240616,1010150,0320,12
20240623,1010150,0320,4
20240630,1010150,0320,18
20240707,1010150,0320,14
20240714,1010150,0320,4
